{
  "k_fit": 0.4166910696768423,
  "k_err": 0.07480033501417108,
  "g0_fit": 18.24536298736983,
  "g0_err": 1.6108613349452756,
  "chi2": 0.26144128112956455,
  "chi2_reduced": 0.13072064056478228,
  "dof": 2,
  "k_expected": 0.523,
  "k_residual": 0.10630893032315775,
  "tolerance": 0.05,
  "is_valid": false,
  "n_points": 4,
  "z_range": [
    4.5,
    7.5
  ],
  "timestamp": "2025-09-03T18:28:53.642904Z"
}