z,g_observed,g_error,g_predicted,residual,residual_sigma
4.5,34.52,4.11,34.0880733976033,0.43192660239670033,0.10509163075345505
5.5,21.25,3.53,22.47169460527179,-1.2216946052717894,-0.34608912330645597
6.5,15.81,2.87,14.813892605268373,0.9961073947316272,0.3470757472932499
7.5,9.55,2.14,9.765681581884012,-0.2156815818840112,-0.10078578592710803
