z_pair,k_two_point
4.2-4.5,0.5203523822102062
4.5-4.8,0.5265437098730473
4.8-5.2,0.5180702400207755
5.2-5.5,0.5211535679689797
5.5-5.8,0.5266808304774946
5.8-6.2,0.5243013274551718
6.2-6.5,0.5200141615886048
6.5-6.8,0.5138355994241953
6.8-7.2,0.5484070711857587
7.2-7.5,0.47216839021008994
7.5-7.8,0.5502658345314955
