μ_FE,se_FE,μ_RE,se_RE,τ2_between,Q,k_included
0.7912386666807539,0.009805244486228921,0.865555888399592,0.05344617305119654,0.012940649848719529,91.32899178621273,5
