drop_index,μ_RE_drop,Δμ_in_σ
0,0.8962536492545987,0.5743678003961313
1,0.8140101298747435,-0.9644424583116984
2,0.848366791898899,-0.32161510393321185
3,0.9062882918533933,0.7621201131610199
4,0.8671304227507518,0.02946018884554335
