μ_FE_mapped,se_FE_mapped,μ_RE_mapped,se_RE_mapped,τ2_between_mapped,Q_mapped,k_mapped
0.9872227602207635,0.01304208414862544,1.105771846259302,0.06068930623553509,0.012340497390062325,44.208295883595426,4
