phi_0,phi_1,phi_2,phi_3
0.8531108065667826,0.7021082205108851,0.7474734638365079,0.8988771029830115
