z_i,z_ip1,k_two_point
4.5,5.5,0.2971686178994766
5.5,6.5,0.4815624549133375
6.5,7.5,0.19657491119371429
