{
  "k_fit": 0.536409673966954,
  "target_k": 0.523,
  "tolerance": 0.05,
  "pass": true,
  "ln_g0": -17.89714270204071,
  "resid_sigma_ln": 0.01220822040796343,
  "mean_two_point_k": 0.5374261637161032,
  "n_bins": 4
}