{
  "k_fit": 0.35054776727939024,
  "target_k": 0.523,
  "tolerance": 0.05,
  "pass": false,
  "ln_g0": -18.926289815865562,
  "resid_sigma_ln": 0.062059225271892296,
  "mean_two_point_k": 0.32510199466884276,
  "n_bins": 4
}