z_i,z_ip1,k_two_point
4.5,5.5,0.5083037224499414
5.5,6.5,0.5589558115929698
6.5,7.5,0.5450189571053983
